,B01003_001E,state,county,tract
0,3006,06,037,199700
1,3618,06,037,199801
2,2419,06,037,199802
3,2687,06,037,199900
4,2203,06,037,201110
5,4043,06,037,201120
6,2709,06,037,201200
7,4377,06,037,201301
8,4247,06,037,201302
9,4568,06,037,201401
10,4800,06,037,201402
11,5560,06,037,201501
12,3330,06,037,201503
13,2151,06,037,201504
14,2445,06,037,201601
15,2971,06,037,201602
16,5194,06,037,201700
17,4615,06,037,203100
18,5631,06,037,203200
19,1899,06,037,203300
20,3153,06,037,203500
21,2943,06,037,203601
22,1873,06,037,203602
23,3636,06,037,203710
24,4014,06,037,203720
25,4803,06,037,203800
26,3206,06,037,203900
27,3493,06,037,204110
28,2925,06,037,204120
29,3621,06,037,204200
30,5714,06,037,204300
31,2791,06,037,204410
32,2951,06,037,204420
33,4271,06,037,204600
34,5660,06,037,204700
35,4922,06,037,204810
36,2141,06,037,204820
37,3494,06,037,204910
38,2796,06,037,204920
39,3697,06,037,205110
40,3754,06,037,205120
41,3966,06,037,206010
42,9476,06,037,206020
43,2192,06,037,206050
44,3388,06,037,402705
45,3562,06,037,402706
46,4837,06,037,402801
47,3415,06,037,402803
48,4280,06,037,402804
49,7336,06,037,402902
50,3912,06,037,402903
51,3644,06,037,402904
52,7003,06,037,403000
53,2285,06,037,403305
54,7183,06,037,403316
55,5272,06,037,403317
56,5938,06,037,403318
57,4355,06,037,403319
58,5040,06,037,403320
59,5715,06,037,403321
60,5540,06,037,403323
61,7357,06,037,403324
62,5214,06,037,403325
63,2426,06,037,403326
64,2304,06,037,403327
65,5630,06,037,403328
66,5092,06,037,403401
67,3561,06,037,403402
68,5165,06,037,403403
69,2443,06,037,403404
70,2327,06,037,403407
71,6702,06,037,403408
72,4474,06,037,403409
73,1550,06,037,403500
74,7283,06,037,403601
75,3943,06,037,403702
76,4485,06,037,403703
77,4983,06,037,403721
78,5144,06,037,403722
79,5948,06,037,403801
80,6813,06,037,403802
81,2935,06,037,403901
82,5274,06,037,403902
83,4413,06,037,404000
84,6087,06,037,404100
85,3249,06,037,404201
86,4370,06,037,404203
87,4074,06,037,554600
88,4112,06,037,554700
89,2964,06,037,554801
90,6201,06,037,554802
91,7291,06,037,554900
92,5215,06,037,555001
93,3705,06,037,555002
94,5667,06,037,555105
95,2903,06,037,555106
96,5990,06,037,555107
97,3965,06,037,555202
98,5835,06,037,555211
99,5474,06,037,555212
100,5195,06,037,555300
101,5017,06,037,570001
102,2501,06,037,570002
103,4011,06,037,570003
104,2982,06,037,570100
105,6214,06,037,570202
106,4069,06,037,570203
107,4511,06,037,570204
108,4552,06,037,570303
109,4899,06,037,570304
110,4060,06,037,570305
111,2906,06,037,570306
112,3376,06,037,570402
113,4196,06,037,570403
114,3980,06,037,570404
115,6027,06,037,570502
116,4624,06,037,570503
117,3838,06,037,570504
118,5925,06,037,570601
119,5692,06,037,570602
120,4964,06,037,570603
121,7545,06,037,570701
122,2826,06,037,570703
123,5364,06,037,570800
124,5104,06,037,554522
125,5684,06,037,570901
126,3395,06,037,570902
127,5437,06,037,571000
128,4922,06,037,571101
129,3450,06,037,571102
130,1405,06,037,206051
131,2841,06,037,206052
132,3014,06,037,206053
133,2589,06,037,206054
134,2154,06,037,206201
135,1724,06,037,206202
136,1867,06,037,206301
137,2400,06,037,206302
138,1989,06,037,206303
139,3906,06,037,207101
140,3181,06,037,207102
141,2144,06,037,207103
142,2187,06,037,207303
143,2022,06,037,207304
144,961,06,037,207305
145,1863,06,037,207306
146,1424,06,037,207307
147,1323,06,037,207308
148,1596,06,037,207400
149,2133,06,037,207501
150,3072,06,037,207502
151,1661,06,037,207711
152,3469,06,037,207712
153,2582,06,037,207901
154,5746,06,037,207902
155,2410,06,037,208001
156,4920,06,037,208002
157,2101,06,037,208301
158,5265,06,037,208302
159,4619,06,037,208401
160,2983,06,037,208402
161,2462,06,037,208501
162,4360,06,037,208502
163,4388,06,037,208610
164,4303,06,037,208620
165,5136,06,037,208710
166,3746,06,037,208720
167,3284,06,037,208801
168,3049,06,037,208802
169,2566,06,037,208902
170,3878,06,037,208903
171,4190,06,037,208904
172,3595,06,037,209103
173,5454,06,037,404301
174,2221,06,037,404302
175,3969,06,037,404401
176,5115,06,037,404402
177,2791,06,037,404501
178,2763,06,037,404503
179,4934,06,037,404504
180,1365,06,037,404600
181,5939,06,037,404701
182,5424,06,037,404702
183,3225,06,037,404703
184,4704,06,037,404804
185,3074,06,037,404805
186,6337,06,037,404806
187,6143,06,037,404901
188,3933,06,037,404902
189,2344,06,037,404903
190,5849,06,037,405001
191,3488,06,037,405002
192,5843,06,037,405101
193,5204,06,037,405102
194,5146,06,037,405201
195,4908,06,037,405202
196,3098,06,037,405203
197,3097,06,037,405301
198,5522,06,037,405302
199,4988,06,037,405400
200,6475,06,037,405500
201,5335,06,037,405600
202,4080,06,037,405701
203,4966,06,037,405702
204,5840,06,037,405800
205,3869,06,037,405900
206,5565,06,037,406000
207,2905,06,037,406101
208,7912,06,037,406103
209,3740,06,037,406201
210,5964,06,037,406300
211,6250,06,037,406413
212,6512,06,037,406500
213,5375,06,037,406601
214,4887,06,037,406602
215,3259,06,037,406701
216,3884,06,037,571201
217,4028,06,037,571202
218,4258,06,037,571300
219,4761,06,037,571400
220,4779,06,037,571502
221,4901,06,037,571504
222,3034,06,037,571505
223,2314,06,037,571600
224,6647,06,037,571701
225,3367,06,037,571703
226,4026,06,037,571704
227,3176,06,037,571800
228,5403,06,037,571900
229,6201,06,037,572001
230,6038,06,037,572201
231,3297,06,037,572202
232,3764,06,037,572301
233,3973,06,037,572500
234,5058,06,037,572600
235,4850,06,037,572700
236,3721,06,037,573002
237,1788,06,037,573003
238,4866,06,037,573004
239,4741,06,037,573101
240,2785,06,037,573102
241,4339,06,037,573201
242,6348,06,037,573202
243,4112,06,037,573300
244,1458,06,037,573401
245,6778,06,037,573402
246,3194,06,037,573403
247,6522,06,037,573601
248,5091,06,037,573700
249,4335,06,037,573800
250,1981,06,037,573902
251,5086,06,037,574000
252,5058,06,037,574100
253,3001,06,037,574201
254,2400,06,037,574202
255,5942,06,037,574300
256,5509,06,037,574400
257,6625,06,037,574500
258,1273,06,037,574602
259,3069,06,037,574800
260,2442,06,037,209104
261,3829,06,037,209105
262,2277,06,037,209106
263,3021,06,037,209201
264,1604,06,037,209202
265,5090,06,037,209300
266,4018,06,037,209401
267,4132,06,037,209402
268,4678,06,037,209403
269,3054,06,037,209510
270,2874,06,037,209520
271,2640,06,037,209810
272,2833,06,037,209820
273,3345,06,037,210010
274,5073,06,037,211000
275,2243,06,037,211121
276,3024,06,037,211122
277,1478,06,037,211123
278,4806,06,037,211124
279,2759,06,037,211201
280,2217,06,037,211202
281,3840,06,037,211310
282,3288,06,037,211320
283,3103,06,037,211410
284,3255,06,037,211420
285,4147,06,037,211500
286,2566,06,037,211701
287,4560,06,037,211703
288,2832,06,037,211704
289,4320,06,037,211802
290,3874,06,037,211803
291,3110,06,037,211804
292,4287,06,037,211910
293,2353,06,037,211921
294,3464,06,037,211922
295,2717,06,037,212101
296,2691,06,037,212102
297,3404,06,037,212202
298,2889,06,037,212203
299,3194,06,037,212204
300,4174,06,037,212303
301,1689,06,037,212304
302,3079,06,037,212305
303,6259,06,037,406702
304,5023,06,037,406801
305,8251,06,037,406903
306,5974,06,037,407001
307,3475,06,037,407002
308,4973,06,037,407101
309,5697,06,037,407102
310,3742,06,037,407201
311,3526,06,037,407202
312,4671,06,037,407301
313,3682,06,037,407302
314,2002,06,037,407400
315,4413,06,037,407501
316,3890,06,037,407502
317,4303,06,037,407601
318,4451,06,037,407602
319,4051,06,037,407701
320,6940,06,037,407702
321,5704,06,037,407801
322,3273,06,037,407802
323,3992,06,037,407901
324,1588,06,037,407902
325,4415,06,037,408003
326,2521,06,037,408004
327,5377,06,037,408005
328,3240,06,037,408006
329,5622,06,037,408133
330,2746,06,037,408134
331,4617,06,037,408135
332,3590,06,037,408136
333,4134,06,037,408137
334,5020,06,037,408138
335,4689,06,037,408139
336,3973,06,037,408140
337,4626,06,037,408141
338,4985,06,037,408212
339,6154,06,037,408213
340,6319,06,037,408301
341,3528,06,037,408302
342,4764,06,037,408303
343,4595,06,037,408401
344,6669,06,037,408402
345,6626,06,037,408503
346,3897,06,037,574901
347,5481,06,037,574902
348,4283,06,037,575001
349,4583,06,037,575002
350,4231,06,037,575101
351,4066,06,037,575102
352,5131,06,037,575103
353,4745,06,037,575201
354,3796,06,037,575202
355,4382,06,037,575300
356,4602,06,037,575401
357,3935,06,037,575402
358,2240,06,037,575801
359,5499,06,037,575802
360,3205,06,037,575803
361,3695,06,037,575901
362,5411,06,037,575902
363,5416,06,037,576001
364,5079,06,037,576200
365,4409,06,037,576301
366,3526,06,037,576302
367,5172,06,037,576401
368,4805,06,037,576402
369,5043,06,037,576403
370,2986,06,037,576501
371,5176,06,037,576502
372,3941,06,037,576503
373,3758,06,037,576601
374,4781,06,037,576602
375,4015,06,037,576700
376,3699,06,037,576801
377,3938,06,037,576802
378,4992,06,037,576901
379,3327,06,037,576903
380,3050,06,037,576904
381,7064,06,037,577000
382,6966,06,037,577100
383,5758,06,037,577200
384,5594,06,037,577300
385,2771,06,037,577400
386,3398,06,037,577501
387,1420,06,037,577504
388,3016,06,037,577602
389,3923,06,037,101110
390,4119,06,037,101122
391,3775,06,037,101220
392,3787,06,037,101221
393,2717,06,037,101222
394,3741,06,037,101300
395,3246,06,037,101400
396,1920,06,037,102103
397,4187,06,037,102104
398,1797,06,037,102105
399,4082,06,037,102107
400,2484,06,037,103101
401,4716,06,037,103102
402,3961,06,037,103201
403,2569,06,037,103202
404,3726,06,037,103300
405,2596,06,037,103401
406,3795,06,037,103402
407,3969,06,037,104103
408,5711,06,037,104105
409,5551,06,037,104108
410,3310,06,037,212306
411,4345,06,037,212410
412,3163,06,037,212420
413,1996,06,037,212501
414,2657,06,037,212502
415,4740,06,037,212610
416,4120,06,037,212620
417,2281,06,037,212701
418,3630,06,037,212702
419,3370,06,037,212800
420,4102,06,037,212900
421,3089,06,037,213100
422,4277,06,037,213201
423,3863,06,037,213202
424,2731,06,037,213310
425,2638,06,037,213320
426,4820,06,037,213401
427,5002,06,037,213402
428,3882,06,037,214000
429,3532,06,037,214100
430,3126,06,037,214400
431,3444,06,037,214501
432,3334,06,037,214503
433,3898,06,037,214504
434,1307,06,037,214505
435,2358,06,037,214600
436,2376,06,037,214700
437,2839,06,037,214800
438,2578,06,037,214902
439,1657,06,037,214903
440,1452,06,037,214904
441,2985,06,037,215101
442,3040,06,037,215102
443,2086,06,037,216100
444,2578,06,037,216201
445,2757,06,037,216202
446,1575,06,037,216301
447,2989,06,037,216302
448,3786,06,037,216401
449,2443,06,037,216402
450,3493,06,037,216700
451,3110,06,037,216800
452,2586,06,037,216901
453,5556,06,037,408504
454,2526,06,037,408505
455,3224,06,037,408623
456,3229,06,037,408624
457,3841,06,037,408625
458,3981,06,037,408626
459,2864,06,037,408627
460,5358,06,037,408628
461,2839,06,037,408629
462,5084,06,037,408631
463,6125,06,037,408703
464,5928,06,037,408705
465,6610,06,037,408707
466,4470,06,037,408722
467,5396,06,037,408724
468,6449,06,037,408725
469,4570,06,037,408800
470,6021,06,037,408900
471,7550,06,037,409000
472,5403,06,037,409100
473,5183,06,037,430003
474,2633,06,037,430004
475,3683,06,037,430005
476,5132,06,037,430101
477,4768,06,037,430102
478,1045,06,037,430200
479,4665,06,037,430301
480,5281,06,037,430302
481,4643,06,037,430400
482,4286,06,037,430501
483,6543,06,037,430502
484,4748,06,037,430600
485,5671,06,037,430701
486,3745,06,037,430721
487,4841,06,037,430723
488,4565,06,037,430724
489,6691,06,037,430801
490,4346,06,037,430802
491,5393,06,037,430803
492,4377,06,037,430901
493,4725,06,037,430902
494,2827,06,037,431002
495,4707,06,037,431003
496,4301,06,037,577605
497,4067,06,037,577606
498,4516,06,037,577700
499,4659,06,037,577800
500,5754,06,037,577900
501,6380,06,037,578000
502,2371,06,037,578100
503,3696,06,037,599000
504,710,06,037,599100
505,7419,06,037,600100
506,4720,06,037,600201
507,7857,06,037,600202
508,3074,06,037,600302
509,4038,06,037,600303
510,4010,06,037,600304
511,4070,06,037,600400
512,2767,06,037,600501
513,2456,06,037,600601
514,2795,06,037,600602
515,4703,06,037,600702
516,1709,06,037,600703
517,3254,06,037,600704
518,3204,06,037,600801
519,2586,06,037,600802
520,6352,06,037,600902
521,3577,06,037,600911
522,5038,06,037,600912
523,2554,06,037,601001
524,5093,06,037,601002
525,7123,06,037,601100
526,4191,06,037,601202
527,3086,06,037,601211
528,6508,06,037,601212
529,1728,06,037,601301
530,6934,06,037,601302
531,5363,06,037,601303
532,6354,06,037,601401
533,1632,06,037,577604
534,4803,06,037,601402
535,3847,06,037,601501
536,4134,06,037,601502
537,4347,06,037,601600
538,5324,06,037,601700
539,3843,06,037,104124
540,4718,06,037,104201
541,5420,06,037,104203
542,3684,06,037,104204
543,4961,06,037,104310
544,3128,06,037,104321
545,2005,06,037,104322
546,3134,06,037,104401
547,2723,06,037,104403
548,3592,06,037,104404
549,2866,06,037,104500
550,3473,06,037,104610
551,3559,06,037,104620
552,3957,06,037,104701
553,2410,06,037,104703
554,4525,06,037,104704
555,3268,06,037,104821
556,2566,06,037,104822
557,3526,06,037,104823
558,2639,06,037,104824
559,3444,06,037,106010
560,5154,06,037,106020
561,4428,06,037,106111
562,5214,06,037,106112
563,3712,06,037,106113
564,6575,06,037,106114
565,3486,06,037,106403
566,4404,06,037,106405
567,6288,06,037,106406
568,2618,06,037,106407
569,3822,06,037,106408
570,6133,06,037,106510
571,5710,06,037,106520
572,3658,06,037,106603
573,4572,06,037,106604
574,2271,06,037,106641
575,3294,06,037,106642
576,4511,06,037,106643
577,4158,06,037,106645
578,3028,06,037,106646
579,4264,06,037,106648
580,2916,06,037,106649
581,3243,06,037,107010
582,2275,06,037,216902
583,3032,06,037,217001
584,4611,06,037,217002
585,2964,06,037,217101
586,2658,06,037,217102
587,4105,06,037,217200
588,3532,06,037,218110
589,4244,06,037,218120
590,3621,06,037,218210
591,3877,06,037,218220
592,5281,06,037,218300
593,4699,06,037,218400
594,2655,06,037,218500
595,3081,06,037,218600
596,2157,06,037,218701
597,2232,06,037,218702
598,2619,06,037,218800
599,5757,06,037,218900
600,3318,06,037,219010
601,5298,06,037,219020
602,3906,06,037,219300
603,2098,06,037,219500
604,4724,06,037,219700
605,2915,06,037,219800
606,4724,06,037,219901
607,3177,06,037,219902
608,4784,06,037,220000
609,2487,06,037,220100
610,3668,06,037,221110
611,3129,06,037,221120
612,3331,06,037,221210
613,3227,06,037,221220
614,4204,06,037,221302
615,2697,06,037,221303
616,3912,06,037,221304
617,3422,06,037,221401
618,3188,06,037,221402
619,3688,06,037,221500
620,3226,06,037,221601
621,2711,06,037,221602
622,2890,06,037,221710
623,2782,06,037,221810
624,2424,06,037,221820
625,4200,06,037,221900
626,3444,06,037,431004
627,6992,06,037,431100
628,6351,06,037,431200
629,2700,06,037,431300
630,4098,06,037,431400
631,4046,06,037,431501
632,4138,06,037,431502
633,4348,06,037,431600
634,6094,06,037,431701
635,5349,06,037,431800
636,3841,06,037,431900
637,2462,06,037,432001
638,4967,06,037,432002
639,4204,06,037,432101
640,5934,06,037,432102
641,5448,06,037,432201
642,4185,06,037,432202
643,4063,06,037,432300
644,3970,06,037,432401
645,6579,06,037,432402
646,4835,06,037,432501
647,3969,06,037,432502
648,7280,06,037,432601
649,4535,06,037,432602
650,6158,06,037,432700
651,2515,06,037,432801
652,5356,06,037,432802
653,4061,06,037,432901
654,3210,06,037,432902
655,7231,06,037,433103
656,6092,06,037,433200
657,1711,06,037,433302
658,4691,06,037,433304
659,4617,06,037,433305
660,3527,06,037,433306
661,2858,06,037,433307
662,4904,06,037,433402
663,4842,06,037,433403
664,4800,06,037,433505
665,4013,06,037,433506
666,5482,06,037,433601
667,2936,06,037,433602
668,3363,06,037,433803
669,3885,06,037,601802
670,4758,06,037,601900
671,3093,06,037,602002
672,4279,06,037,602003
673,5574,06,037,602103
674,6013,06,037,602104
675,3634,06,037,602105
676,6067,06,037,602106
677,4093,06,037,602201
678,2603,06,037,602202
679,6694,06,037,602301
680,4518,06,037,602302
681,6847,06,037,602402
682,4578,06,037,602403
683,5526,06,037,602404
684,4914,06,037,602504
685,4259,06,037,602505
686,3931,06,037,602506
687,5033,06,037,602507
688,3495,06,037,602510
689,4685,06,037,602511
690,2378,06,037,602512
691,1881,06,037,602513
692,5076,06,037,602601
693,3067,06,037,602602
694,3532,06,037,602700
695,3921,06,037,602801
696,4946,06,037,602802
697,4301,06,037,602900
698,1742,06,037,603004
699,6647,06,037,603005
700,1680,06,037,603006
701,3748,06,037,603007
702,3147,06,037,603008
703,4535,06,037,603101
704,3418,06,037,603102
705,3286,06,037,603200
706,2793,06,037,601801
707,3531,06,037,603301
708,3857,06,037,603302
709,3821,06,037,603400
710,3129,06,037,603500
711,4416,06,037,603600
712,5759,06,037,107020
713,2303,06,037,108101
714,3327,06,037,108102
715,3082,06,037,108103
716,1818,06,037,108104
717,8148,06,037,108202
718,3273,06,037,108203
719,1893,06,037,108204
720,2647,06,037,109100
721,2746,06,037,109200
722,2908,06,037,109300
723,4044,06,037,109400
724,4720,06,037,109500
725,4877,06,037,109601
726,4233,06,037,109603
727,3013,06,037,109604
728,4787,06,037,109700
729,5221,06,037,109800
730,3156,06,037,111100
731,3459,06,037,111201
732,5593,06,037,111202
733,5909,06,037,111204
734,3905,06,037,111205
735,4363,06,037,111206
736,5253,06,037,111302
737,4835,06,037,111303
738,2752,06,037,111304
739,2353,06,037,111401
740,6535,06,037,111402
741,3590,06,037,113101
742,2783,06,037,113102
743,4264,06,037,113211
744,2998,06,037,113212
745,5652,06,037,113213
746,2275,06,037,113231
747,4394,06,037,113232
748,5400,06,037,113234
749,1699,06,037,113235
750,5004,06,037,113237
751,4313,06,037,113238
752,2183,06,037,113239
753,3972,06,037,113301
754,3779,06,037,113303
755,2942,06,037,222001
756,5072,06,037,222002
757,4614,06,037,222100
758,4127,06,037,222200
759,5195,06,037,222500
760,5638,06,037,222600
761,3959,06,037,222700
762,2906,06,037,224010
763,2746,06,037,224020
764,2632,06,037,224200
765,2169,06,037,224310
766,2947,06,037,224320
767,3083,06,037,224410
768,2651,06,037,224420
769,3280,06,037,224600
770,2880,06,037,224701
771,3145,06,037,224702
772,2268,06,037,226001
773,2053,06,037,226002
774,3627,06,037,226410
775,5382,06,037,226420
776,3135,06,037,226701
777,4954,06,037,226702
778,5163,06,037,227010
779,3726,06,037,227020
780,5377,06,037,228100
781,4338,06,037,228210
782,4490,06,037,228220
783,4562,06,037,228310
784,3271,06,037,228320
785,3489,06,037,228410
786,3337,06,037,228420
787,5196,06,037,228500
788,5041,06,037,228600
789,4024,06,037,228710
790,5053,06,037,228720
791,5421,06,037,228800
792,2947,06,037,228900
793,5157,06,037,229100
794,5012,06,037,229200
795,5846,06,037,229300
796,3948,06,037,229410
797,4421,06,037,229420
798,3374,06,037,231100
799,4795,06,037,433804
800,5724,06,037,433901
801,5328,06,037,433903
802,4128,06,037,434001
803,4104,06,037,434003
804,3037,06,037,434004
805,6804,06,037,434100
806,1718,06,037,460001
807,2795,06,037,460002
808,6076,06,037,460101
809,5622,06,037,460200
810,4239,06,037,460301
811,4529,06,037,460302
812,1071,06,037,460401
813,5151,06,037,460501
814,4725,06,037,460502
815,5312,06,037,460601
816,4890,06,037,460700
817,2822,06,037,460800
818,6669,06,037,460900
819,5780,06,037,461000
820,5438,06,037,461100
821,4497,06,037,461200
822,6456,06,037,461300
823,3207,06,037,461400
824,3917,06,037,461501
825,6533,06,037,461502
826,6125,06,037,461600
827,1450,06,037,461700
828,4809,06,037,461901
829,1814,06,037,461902
830,4524,06,037,462001
831,3633,06,037,462002
832,5504,06,037,462100
833,3883,06,037,462201
834,3083,06,037,462202
835,5216,06,037,462301
836,3311,06,037,462302
837,3943,06,037,462400
838,6538,06,037,462500
839,2286,06,037,462600
840,5386,06,037,462700
841,2854,06,037,462800
842,3700,06,037,462900
843,2368,06,037,603703
844,2976,06,037,603705
845,3227,06,037,603706
846,4926,06,037,603801
847,4072,06,037,603802
848,3551,06,037,603901
849,3757,06,037,603902
850,4992,06,037,604001
851,4250,06,037,604002
852,4307,06,037,604101
853,2678,06,037,604102
854,6009,06,037,604200
855,2015,06,037,609900
856,4216,06,037,620001
857,3540,06,037,620002
858,5292,06,037,620101
859,3527,06,037,620102
860,1643,06,037,620201
861,4403,06,037,620301
862,4819,06,037,620303
863,5848,06,037,620305
864,5309,06,037,620400
865,5675,06,037,620501
866,4323,06,037,620521
867,4656,06,037,620522
868,5159,06,037,620601
869,5224,06,037,620602
870,7207,06,037,620701
871,3436,06,037,620703
872,3555,06,037,620704
873,4167,06,037,620801
874,3198,06,037,620802
875,2921,06,037,620901
876,2756,06,037,620904
877,4426,06,037,621001
878,4674,06,037,621005
879,4836,06,037,603702
880,3193,06,037,621102
881,6854,06,037,621104
882,6807,06,037,621201
883,2825,06,037,621204
884,6742,06,037,621301
885,3704,06,037,621324
886,4680,06,037,113322
887,4029,06,037,113323
888,2844,06,037,113324
889,3017,06,037,113423
890,3493,06,037,113424
891,4407,06,037,113425
892,2414,06,037,113426
893,1770,06,037,113427
894,4237,06,037,113428
895,4932,06,037,115101
896,3181,06,037,115103
897,4619,06,037,115104
898,6393,06,037,115202
899,2652,06,037,115203
900,4054,06,037,115204
901,4648,06,037,115301
902,3835,06,037,115302
903,6185,06,037,115401
904,3597,06,037,115403
905,2897,06,037,115404
906,5094,06,037,117101
907,2745,06,037,117102
908,5126,06,037,117201
909,2857,06,037,117202
910,3679,06,037,117301
911,4932,06,037,117302
912,4369,06,037,117303
913,5646,06,037,117404
914,3421,06,037,117405
915,3715,06,037,117407
916,2803,06,037,117408
917,3661,06,037,117510
918,4226,06,037,117520
919,6231,06,037,117530
920,4583,06,037,119001
921,4425,06,037,119003
922,3353,06,037,119004
923,4426,06,037,119201
924,4756,06,037,119202
925,4297,06,037,119310
926,4735,06,037,119320
927,4031,06,037,119340
928,2825,06,037,119341
929,3975,06,037,231210
930,4482,06,037,231220
931,2349,06,037,231301
932,3258,06,037,231302
933,4869,06,037,231400
934,5257,06,037,231500
935,2652,06,037,231601
936,2088,06,037,231602
937,2782,06,037,231603
938,4135,06,037,231710
939,5016,06,037,231720
940,5720,06,037,231800
941,3137,06,037,231901
942,3261,06,037,231902
943,2920,06,037,232110
944,5457,06,037,232120
945,3619,06,037,232200
946,5492,06,037,232300
947,3912,06,037,232401
948,3089,06,037,232402
949,5039,06,037,232500
950,1905,06,037,232601
951,4840,06,037,232602
952,2464,06,037,232701
953,4290,06,037,232702
954,4568,06,037,232800
955,2595,06,037,234001
956,2711,06,037,234002
957,2520,06,037,234200
958,1869,06,037,234301
959,2144,06,037,234302
960,2974,06,037,234501
961,3195,06,037,234502
962,5011,06,037,234600
963,3692,06,037,234700
964,3371,06,037,234800
965,3315,06,037,234901
966,4222,06,037,234902
967,4229,06,037,235100
968,2835,06,037,235201
969,4068,06,037,235202
970,4082,06,037,236001
971,2628,06,037,236101
972,2919,06,037,463000
973,6125,06,037,463103
974,3602,06,037,463200
975,2038,06,037,463300
976,5835,06,037,463400
977,6064,06,037,463500
978,5993,06,037,463601
979,6414,06,037,463602
980,3151,06,037,463700
981,4188,06,037,463800
982,3249,06,037,463900
983,5575,06,037,464000
984,2176,06,037,464101
985,4742,06,037,464102
986,6102,06,037,464200
987,3978,06,037,480002
988,5154,06,037,480011
989,4689,06,037,480012
990,3996,06,037,480101
991,4428,06,037,480102
992,3722,06,037,480201
993,2772,06,037,480202
994,4217,06,037,480302
995,4499,06,037,480303
996,4482,06,037,480304
997,5446,06,037,480400
998,5137,06,037,480500
999,3925,06,037,480601
1000,3959,06,037,480602
1001,4134,06,037,480702
1002,4132,06,037,480703
1003,4191,06,037,480704
1004,3277,06,037,480802
1005,3474,06,037,480803
1006,5350,06,037,480804
1007,5020,06,037,480901
1008,4452,06,037,480902
1009,3181,06,037,480903
1010,4826,06,037,481001
1011,5187,06,037,481002
1012,4427,06,037,481101
1013,3643,06,037,481102
1014,5365,06,037,481103
1015,3028,06,037,621326
1016,4322,06,037,621400
1017,5676,06,037,650001
1018,3024,06,037,650003
1019,4349,06,037,650004
1020,5778,06,037,650101
1021,2148,06,037,650102
1022,5794,06,037,650200
1023,6790,06,037,650300
1024,4667,06,037,650401
1025,2850,06,037,650501
1026,4318,06,037,650502
1027,3672,06,037,650603
1028,6228,06,037,650604
1029,2713,06,037,650605
1030,4264,06,037,650606
1031,2670,06,037,650607
1032,2538,06,037,650701
1033,4613,06,037,650702
1034,3879,06,037,650801
1035,3181,06,037,650802
1036,4909,06,037,650901
1037,4934,06,037,650903
1038,2612,06,037,650904
1039,5242,06,037,651001
1040,4531,06,037,651002
1041,4753,06,037,651101
1042,3706,06,037,651102
1043,4985,06,037,651201
1044,3925,06,037,651221
1045,6193,06,037,651222
1046,5836,06,037,651302
1047,4920,06,037,651304
1048,2509,06,037,651401
1049,6223,06,037,651402
1050,3498,06,037,670001
1051,3908,06,037,670002
1052,5677,06,037,670003
1053,3156,06,037,670101
1054,3973,06,037,670102
1055,3565,06,037,670201
1056,2206,06,037,670202
1057,5550,06,037,670324
1058,5564,06,037,119400
1059,4925,06,037,119700
1060,2648,06,037,119801
1061,3340,06,037,119802
1062,5123,06,037,119900
1063,2796,06,037,120010
1064,3872,06,037,120020
1065,2500,06,037,120030
1066,3376,06,037,120103
1067,2243,06,037,120104
1068,2694,06,037,120105
1069,4519,06,037,120106
1070,4060,06,037,120107
1071,4592,06,037,120108
1072,5066,06,037,120300
1073,6533,06,037,120400
1074,4737,06,037,121010
1075,3701,06,037,121020
1076,3128,06,037,121101
1077,2247,06,037,121102
1078,3077,06,037,121210
1079,2379,06,037,121221
1080,4688,06,037,121222
1081,2838,06,037,121600
1082,3165,06,037,121801
1083,3088,06,037,121802
1084,3686,06,037,121900
1085,5390,06,037,122000
1086,4772,06,037,122120
1087,2909,06,037,122121
1088,2644,06,037,122122
1089,3542,06,037,122200
1090,3471,06,037,122410
1091,5029,06,037,122420
1092,3911,06,037,123010
1093,3028,06,037,123020
1094,3009,06,037,119342
1095,3816,06,037,123103
1096,4848,06,037,123104
1097,3446,06,037,123203
1098,3508,06,037,123204
1099,2716,06,037,123205
1100,2323,06,037,123206
1101,3405,06,037,236102
1102,3599,06,037,236203
1103,3137,06,037,236204
1104,3347,06,037,236205
1105,2568,06,037,236206
1106,4368,06,037,236400
1107,4099,06,037,237101
1108,4054,06,037,237102
1109,4049,06,037,237201
1110,4611,06,037,237202
1111,5407,06,037,237300
1112,4490,06,037,237401
1113,3605,06,037,237402
1114,2728,06,037,237500
1115,3914,06,037,237600
1116,4728,06,037,237710
1117,3855,06,037,237720
1118,4015,06,037,237800
1119,4651,06,037,237900
1120,6232,06,037,238000
1121,5314,06,037,238100
1122,5448,06,037,238200
1123,5222,06,037,238310
1124,3542,06,037,238320
1125,4618,06,037,238400
1126,3353,06,037,239201
1127,6442,06,037,239202
1128,4596,06,037,239310
1129,3535,06,037,239320
1130,2795,06,037,239330
1131,3533,06,037,239501
1132,3990,06,037,239502
1133,3675,06,037,239601
1134,3960,06,037,239602
1135,4738,06,037,239701
1136,4352,06,037,239702
1137,3761,06,037,239801
1138,5857,06,037,239802
1139,3809,06,037,240010
1140,5321,06,037,240020
1141,5523,06,037,240200
1142,2881,06,037,240301
1143,2811,06,037,240302
1144,4095,06,037,481201
1145,6128,06,037,481203
1146,3225,06,037,481300
1147,5494,06,037,481401
1148,3172,06,037,481403
1149,3758,06,037,481404
1150,4542,06,037,481500
1151,3226,06,037,481603
1152,3970,06,037,481604
1153,2711,06,037,481605
1154,5081,06,037,481606
1155,4238,06,037,481711
1156,5570,06,037,481712
1157,2655,06,037,481713
1158,2702,06,037,481714
1159,2485,06,037,481800
1160,5758,06,037,481901
1161,3325,06,037,481902
1162,2673,06,037,482001
1163,6947,06,037,482002
1164,4574,06,037,482101
1165,3079,06,037,482102
1166,3923,06,037,482201
1167,5329,06,037,482202
1168,5515,06,037,482301
1169,5713,06,037,482303
1170,3037,06,037,482304
1171,3491,06,037,482401
1172,3471,06,037,482403
1173,3443,06,037,482404
1174,3399,06,037,482502
1175,4303,06,037,482503
1176,5642,06,037,482521
1177,4403,06,037,482522
1178,6446,06,037,482600
1179,4120,06,037,482701
1180,2383,06,037,482702
1181,4162,06,037,482801
1182,3521,06,037,500100
1183,4970,06,037,500202
1184,4230,06,037,500203
1185,2134,06,037,500204
1186,2931,06,037,500300
1187,3275,06,037,670326
1188,4534,06,037,670328
1189,2600,06,037,670405
1190,1600,06,037,670406
1191,6289,06,037,670407
1192,4574,06,037,670413
1193,4476,06,037,670416
1194,2728,06,037,670417
1195,4130,06,037,670418
1196,1439,06,037,670500
1197,1978,06,037,670603
1198,4934,06,037,670604
1199,6555,06,037,670701
1200,5839,06,037,670702
1201,4944,06,037,700101
1202,4496,06,037,700102
1203,7324,06,037,700200
1204,6014,06,037,700300
1205,4902,06,037,700400
1206,3576,06,037,700501
1207,4250,06,037,700502
1208,5563,06,037,700600
1209,3534,06,037,700700
1210,3706,06,037,700801
1211,4426,06,037,700802
1212,3856,06,037,700901
1213,7332,06,037,700902
1214,5292,06,037,701000
1215,3842,06,037,701201
1216,3590,06,037,701202
1217,4833,06,037,701302
1218,6459,06,037,701304
1219,5833,06,037,701402
1220,5404,06,037,701501
1221,3544,06,037,701502
1222,4096,06,037,701601
1223,3952,06,037,701602
1224,3317,06,037,701701
1225,3201,06,037,701702
1226,6827,06,037,701801
1227,4999,06,037,701802
1228,4843,06,037,701902
1229,6325,06,037,702002
1230,4467,06,037,123301
1231,2860,06,037,123303
1232,4581,06,037,123304
1233,3861,06,037,123410
1234,5015,06,037,123420
1235,5200,06,037,123510
1236,2799,06,037,123520
1237,4961,06,037,123601
1238,3435,06,037,123602
1239,4612,06,037,123700
1240,5941,06,037,123800
1241,4862,06,037,123901
1242,2653,06,037,123902
1243,5225,06,037,124000
1244,3600,06,037,124102
1245,1889,06,037,124103
1246,2577,06,037,124104
1247,2287,06,037,124105
1248,3548,06,037,124201
1249,2216,06,037,124203
1250,1867,06,037,124204
1251,2892,06,037,124300
1252,4855,06,037,124400
1253,2807,06,037,124500
1254,2606,06,037,124600
1255,5606,06,037,124700
1256,3075,06,037,124902
1257,3746,06,037,124903
1258,3567,06,037,125101
1259,2121,06,037,125102
1260,4006,06,037,125200
1261,3844,06,037,125310
1262,3089,06,037,125321
1263,2052,06,037,125322
1264,4139,06,037,125402
1265,2576,06,037,125403
1266,2694,06,037,125404
1267,2886,06,037,125501
1268,3631,06,037,125502
1269,2963,06,037,125600
1270,5525,06,037,127102
1271,3020,06,037,127103
1272,4183,06,037,127104
1273,6141,06,037,240401
1274,3626,06,037,240402
1275,7035,06,037,240500
1276,5911,06,037,240600
1277,6462,06,037,240700
1278,4494,06,037,240800
1279,2735,06,037,240901
1280,3774,06,037,240902
1281,4445,06,037,241001
1282,3950,06,037,241002
1283,3648,06,037,241110
1284,4389,06,037,241120
1285,3245,06,037,241201
1286,5922,06,037,241202
1287,2511,06,037,241300
1288,3672,06,037,241400
1289,4074,06,037,242000
1290,2743,06,037,242100
1291,4012,06,037,242201
1292,2816,06,037,242202
1293,5073,06,037,242300
1294,4584,06,037,242600
1295,5756,06,037,242700
1296,3704,06,037,243001
1297,2668,06,037,243002
1298,6090,06,037,243100
1299,3630,06,037,261102
1300,1815,06,037,261103
1301,1606,06,037,261104
1302,4185,06,037,261200
1303,2566,06,037,262100
1304,4471,06,037,262200
1305,2596,06,037,262301
1306,2959,06,037,262302
1307,2759,06,037,262303
1308,3059,06,037,262400
1309,3794,06,037,262501
1310,3478,06,037,262601
1311,5532,06,037,262604
1312,3489,06,037,262704
1313,3692,06,037,262706
1314,3231,06,037,262802
1315,3150,06,037,264000
1316,3048,06,037,264102
1317,5190,06,037,500402
1318,3464,06,037,500403
1319,4278,06,037,500404
1320,2846,06,037,500500
1321,5036,06,037,500600
1322,7196,06,037,500700
1323,5299,06,037,500800
1324,5948,06,037,500900
1325,3361,06,037,501001
1326,4759,06,037,501002
1327,4814,06,037,501200
1328,3098,06,037,501301
1329,3766,06,037,501302
1330,3430,06,037,501400
1331,2150,06,037,501501
1332,5583,06,037,501503
1333,3222,06,037,501504
1334,7425,06,037,501600
1335,3486,06,037,501700
1336,3281,06,037,501802
1337,4372,06,037,501803
1338,2174,06,037,501804
1339,4259,06,037,501900
1340,2609,06,037,502003
1341,4284,06,037,502004
1342,4905,06,037,502005
1343,4881,06,037,502100
1344,7039,06,037,502200
1345,8506,06,037,502303
1346,5059,06,037,502401
1347,3678,06,037,502402
1348,4166,06,037,502500
1349,4155,06,037,502602
1350,3378,06,037,502603
1351,3931,06,037,502604
1352,7007,06,037,502700
1353,6133,06,037,502801
1354,5937,06,037,502901
1355,6115,06,037,503000
1356,5302,06,037,503103
1357,2652,06,037,503104
1358,3549,06,037,503105
1359,3869,06,037,503106
1360,4179,06,037,503201
1361,5891,06,037,702102
1362,4080,06,037,702201
1363,3954,06,037,702202
1364,6601,06,037,702300
1365,4391,06,037,702400
1366,4959,06,037,702501
1367,3818,06,037,702502
1368,6480,06,037,702600
1369,3359,06,037,702700
1370,4782,06,037,702801
1371,2325,06,037,702802
1372,2641,06,037,702803
1373,10065,06,037,702900
1374,6794,06,037,703002
1375,6158,06,037,703003
1376,6026,06,037,703100
1377,5595,06,037,703200
1378,5751,06,037,800101
1379,3581,06,037,800103
1380,3764,06,037,800104
1381,5869,06,037,800202
1382,4108,06,037,800204
1383,4116,06,037,800205
1384,3808,06,037,800206
1385,6772,06,037,800324
1386,3724,06,037,800325
1387,1315,06,037,800328
1388,2042,06,037,800333
1389,4490,06,037,800334
1390,4789,06,037,800335
1391,3893,06,037,800336
1392,3950,06,037,800337
1393,6143,06,037,800338
1394,2547,06,037,800406
1395,3679,06,037,800410
1396,3212,06,037,800411
1397,4158,06,037,800412
1398,2352,06,037,800504
1399,3274,06,037,800506
1400,719,06,037,900102
1401,6281,06,037,900103
1402,5665,06,037,900104
1403,4610,06,037,900301
1404,4959,06,037,127220
1405,3693,06,037,127300
1406,6414,06,037,127400
1407,4875,06,037,127520
1408,2855,06,037,127603
1409,3285,06,037,127604
1410,4016,06,037,127605
1411,3133,06,037,127606
1412,3271,06,037,127711
1413,3858,06,037,127712
1414,4907,06,037,127803
1415,4832,06,037,127804
1416,3511,06,037,127805
1417,3015,06,037,127806
1418,5131,06,037,127910
1419,4710,06,037,127920
1420,3344,06,037,128101
1421,4958,06,037,128102
1422,5296,06,037,128210
1423,2858,06,037,128220
1424,5096,06,037,128302
1425,4063,06,037,128303
1426,4547,06,037,128400
1427,4205,06,037,128500
1428,5052,06,037,128601
1429,3217,06,037,128602
1430,3077,06,037,128703
1431,2242,06,037,128704
1432,3673,06,037,128801
1433,4343,06,037,128802
1434,4805,06,037,128910
1435,3463,06,037,131021
1436,3011,06,037,131022
1437,2968,06,037,131023
1438,4120,06,037,131024
1439,3293,06,037,131100
1440,3537,06,037,131200
1441,5933,06,037,127210
1442,4988,06,037,131300
1443,6679,06,037,131400
1444,4983,06,037,131600
1445,5424,06,037,131701
1446,3815,06,037,131702
1447,2751,06,037,264103
1448,2836,06,037,264303
1449,2606,06,037,264304
1450,4688,06,037,264305
1451,2000,06,037,264306
1452,2531,06,037,265100
1453,2845,06,037,265201
1454,2146,06,037,265203
1455,1358,06,037,265204
1456,12957,06,037,265301
1457,5089,06,037,265303
1458,2625,06,037,265304
1459,1929,06,037,265306
1460,1927,06,037,265307
1461,1775,06,037,265410
1462,1591,06,037,265420
1463,1849,06,037,265521
1464,2431,06,037,265522
1465,2704,06,037,265523
1466,2710,06,037,265524
1467,3480,06,037,265601
1468,3101,06,037,265602
1469,1507,06,037,265701
1470,2985,06,037,265702
1471,3646,06,037,267101
1472,3081,06,037,267102
1473,3043,06,037,267201
1474,3756,06,037,267202
1475,4340,06,037,267300
1476,3929,06,037,267403
1477,3227,06,037,267404
1478,2803,06,037,267405
1479,1918,06,037,267406
1480,3357,06,037,267502
1481,2296,06,037,267503
1482,4094,06,037,267504
1483,2591,06,037,267600
1484,3475,06,037,267700
1485,2894,06,037,267800
1486,2560,06,037,267901
1487,3565,06,037,267902
1488,4744,06,037,269000
1489,4612,06,037,269100
1490,4482,06,037,503202
1491,3560,06,037,503301
1492,6089,06,037,503302
1493,6911,06,037,503401
1494,3834,06,037,503402
1495,6643,06,037,503501
1496,4378,06,037,503502
1497,4126,06,037,503601
1498,3846,06,037,503602
1499,4685,06,037,503701
1500,5497,06,037,503702
1501,4587,06,037,503704
1502,2975,06,037,503705
1503,3539,06,037,503801
1504,5136,06,037,503802
1505,2387,06,037,503901
1506,5459,06,037,503902
1507,5901,06,037,504001
1508,5578,06,037,504002
1509,4726,06,037,504101
1510,7291,06,037,504200
1511,3649,06,037,530005
1512,4767,06,037,530006
1513,6406,06,037,530007
1514,5268,06,037,530101
1515,4888,06,037,530102
1516,4304,06,037,530202
1517,2408,06,037,530203
1518,3940,06,037,530204
1519,2165,06,037,530301
1520,6641,06,037,530302
1521,3835,06,037,530400
1522,4099,06,037,530500
1523,4344,06,037,530603
1524,2058,06,037,530700
1525,5528,06,037,530801
1526,3088,06,037,530802
1527,3827,06,037,530901
1528,4057,06,037,530902
1529,5129,06,037,531000
1530,5281,06,037,531101
1531,3008,06,037,531102
1532,4733,06,037,531201
1533,7517,06,037,900501
1534,6696,06,037,900504
1535,3643,06,037,900505
1536,4120,06,037,900506
1537,3859,06,037,900508
1538,3773,06,037,900509
1539,3685,06,037,900510
1540,4929,06,037,900602
1541,3735,06,037,900606
1542,3972,06,037,900607
1543,3738,06,037,900608
1544,4365,06,037,900609
1545,3293,06,037,900610
1546,4742,06,037,900611
1547,4634,06,037,900701
1548,4897,06,037,900703
1549,3055,06,037,900704
1550,4126,06,037,900705
1551,3644,06,037,900804
1552,5278,06,037,900805
1553,4207,06,037,900806
1554,3764,06,037,900807
1555,4751,06,037,900808
1556,2907,06,037,900901
1557,1534,06,037,900902
1558,4866,06,037,901003
1559,1848,06,037,901007
1560,2804,06,037,901008
1561,4905,06,037,901009
1562,5289,06,037,901010
1563,4988,06,037,901011
1564,5506,06,037,901012
1565,3032,06,037,901013
1566,4539,06,037,901014
1567,5573,06,037,901101
1568,5437,06,037,901102
1569,1418,06,037,901209
1570,1564,06,037,901210
1571,4645,06,037,901214
1572,3062,06,037,901215
1573,2391,06,037,901216
1574,1685,06,037,901217
1575,2629,06,037,901218
1576,3157,06,037,131801
1577,3039,06,037,131802
1578,4623,06,037,131900
1579,3473,06,037,132001
1580,3699,06,037,132002
1581,4727,06,037,132101
1582,5027,06,037,132102
1583,4189,06,037,132301
1584,3516,06,037,132302
1585,4553,06,037,132501
1586,3358,06,037,132502
1587,4882,06,037,132700
1588,3882,06,037,132900
1589,4866,06,037,133000
1590,1782,06,037,133101
1591,3944,06,037,133102
1592,3623,06,037,134001
1593,3849,06,037,134002
1594,5455,06,037,134101
1595,4645,06,037,134103
1596,4502,06,037,134104
1597,4941,06,037,134201
1598,4136,06,037,134302
1599,5618,06,037,134303
1600,2908,06,037,134304
1601,3961,06,037,134305
1602,4468,06,037,134306
1603,4609,06,037,134421
1604,4681,06,037,134422
1605,3537,06,037,134423
1606,2947,06,037,134424
1607,5761,06,037,134520
1608,3344,06,037,134521
1609,4574,06,037,134522
1610,5398,06,037,134710
1611,5421,06,037,134720
1612,3333,06,037,134801
1613,3107,06,037,134802
1614,2691,06,037,134901
1615,4452,06,037,134904
1616,5074,06,037,134905
1617,3042,06,037,134906
1618,3325,06,037,134907
1619,3741,06,037,269500
1620,3440,06,037,269601
1621,2784,06,037,269602
1622,3715,06,037,269700
1623,3218,06,037,269800
1624,3365,06,037,269903
1625,2305,06,037,269905
1626,3192,06,037,269906
1627,2653,06,037,269907
1628,1885,06,037,269908
1629,2282,06,037,269909
1630,2102,06,037,270101
1631,3017,06,037,270102
1632,3590,06,037,270200
1633,2521,06,037,270300
1634,2493,06,037,271100
1635,2627,06,037,271200
1636,4613,06,037,271300
1637,3750,06,037,271400
1638,3165,06,037,271500
1639,4975,06,037,271600
1640,4204,06,037,271702
1641,2677,06,037,271703
1642,3569,06,037,271704
1643,3099,06,037,271801
1644,3009,06,037,271803
1645,2494,06,037,271804
1646,3257,06,037,271901
1647,3865,06,037,271902
1648,4780,06,037,272100
1649,2209,06,037,272201
1650,3423,06,037,272202
1651,3395,06,037,272301
1652,3989,06,037,272302
1653,2761,06,037,273100
1654,3163,06,037,273200
1655,2963,06,037,273300
1656,3948,06,037,269300
1657,1429,06,037,273403
1658,1437,06,037,273404
1659,2792,06,037,273502
1660,2413,06,037,273600
1661,2992,06,037,273700
1662,2922,06,037,273800
1663,4816,06,037,531202
1664,5140,06,037,531301
1665,5894,06,037,531302
1666,3384,06,037,531502
1667,2841,06,037,531503
1668,4158,06,037,531504
1669,4246,06,037,531602
1670,3703,06,037,531603
1671,3343,06,037,531604
1672,6066,06,037,531701
1673,5039,06,037,531702
1674,4687,06,037,531800
1675,6239,06,037,531901
1676,4325,06,037,531902
1677,2885,06,037,532001
1678,3584,06,037,532002
1679,7305,06,037,532101
1680,3530,06,037,532102
1681,7282,06,037,532200
1682,4755,06,037,532302
1683,4660,06,037,532303
1684,4090,06,037,532304
1685,4281,06,037,532500
1686,4055,06,037,532605
1687,4016,06,037,532606
1688,5669,06,037,532607
1689,3377,06,037,532700
1690,4655,06,037,532800
1691,6674,06,037,532900
1692,4488,06,037,533001
1693,2636,06,037,533002
1694,3238,06,037,533103
1695,4548,06,037,533104
1696,2519,06,037,533105
1697,4872,06,037,533108
1698,2709,06,037,533201
1699,4862,06,037,533204
1700,3494,06,037,533300
1701,4976,06,037,533401
1702,3798,06,037,533402
1703,2799,06,037,533403
1704,3077,06,037,533501
1705,4175,06,037,533504
1706,2475,06,037,901300
1707,8081,06,037,910002
1708,6937,06,037,910210
1709,1771,06,037,910211
1710,3643,06,037,910212
1711,1464,06,037,910213
1712,5163,06,037,910214
1713,6628,06,037,910215
1714,5503,06,037,910216
1715,4415,06,037,910217
1716,4338,06,037,910218
1717,3938,06,037,910301
1718,5114,06,037,910302
1719,5625,06,037,910401
1720,4259,06,037,910404
1721,5563,06,037,910405
1722,5078,06,037,910501
1723,4430,06,037,910502
1724,3951,06,037,910504
1725,3409,06,037,910505
1726,6158,06,037,910601
1727,4381,06,037,910602
1728,4694,06,037,910605
1729,3154,06,037,910606
1730,3736,06,037,910607
1731,3498,06,037,910608
1732,6170,06,037,910706
1733,4803,06,037,910707
1734,1758,06,037,910709
1735,3046,06,037,910712
1736,6310,06,037,910713
1737,3661,06,037,910714
1738,6076,06,037,910715
1739,5916,06,037,910716
1740,2329,06,037,910717
1741,4930,06,037,910718
1742,3828,06,037,910719
1743,4591,06,037,910720
1744,3247,06,037,910721
1745,2986,06,037,910804
1746,5825,06,037,910807
1747,3553,06,037,910808
1748,2142,06,037,910809
1749,3867,06,037,135102
1750,4050,06,037,135111
1751,3138,06,037,135113
1752,3110,06,037,135115
1753,1463,06,037,135116
1754,3013,06,037,135201
1755,4618,06,037,135202
1756,5135,06,037,135204
1757,1938,06,037,135205
1758,5184,06,037,137000
1759,5540,06,037,137103
1760,2579,06,037,137104
1761,3281,06,037,137202
1762,2609,06,037,137203
1763,2314,06,037,137301
1764,4392,06,037,137302
1765,4091,06,037,137401
1766,5626,06,037,137402
1767,5254,06,037,137501
1768,4337,06,037,137502
1769,1928,06,037,137504
1770,4766,06,037,138000
1771,5561,06,037,139001
1772,5994,06,037,139200
1773,4106,06,037,139301
1774,5016,06,037,139302
1775,4682,06,037,139303
1776,2488,06,037,139401
1777,2979,06,037,139402
1778,3004,06,037,139502
1779,4128,06,037,139504
1780,2965,06,037,139505
1781,3416,06,037,139506
1782,5241,06,037,139600
1783,5889,06,037,139701
1784,2747,06,037,139703
1785,2620,06,037,139704
1786,3820,06,037,139705
1787,3478,06,037,139801
1788,4041,06,037,139802
1789,4757,06,037,141101
1790,3120,06,037,141102
1791,4201,06,037,141201
1792,4416,06,037,273902
1793,4757,06,037,274100
1794,4151,06,037,274202
1795,1060,06,037,275101
1796,4282,06,037,275102
1797,3814,06,037,275200
1798,5275,06,037,275311
1799,2061,06,037,275312
1800,3196,06,037,275313
1801,4185,06,037,275400
1802,5337,06,037,275500
1803,2864,06,037,275603
1804,9559,06,037,275604
1805,2685,06,037,275605
1806,5960,06,037,276000
1807,3034,06,037,276101
1808,3010,06,037,276102
1809,4104,06,037,276400
1810,5710,06,037,276500
1811,4030,06,037,276601
1812,2640,06,037,276605
1813,3084,06,037,276606
1814,2587,06,037,276607
1815,2147,06,037,276608
1816,5581,06,037,277000
1817,3176,06,037,277100
1818,1943,06,037,277200
1819,576,06,037,277400
1820,2338,06,037,278001
1821,3008,06,037,278102
1822,4370,06,037,291110
1823,2548,06,037,291120
1824,3458,06,037,291130
1825,5429,06,037,291210
1826,3451,06,037,291220
1827,3237,06,037,291300
1828,4451,06,037,292001
1829,1944,06,037,292002
1830,3013,06,037,293203
1831,4260,06,037,293204
1832,3402,06,037,293205
1833,2862,06,037,293206
1834,2834,06,037,293301
1835,4674,06,037,533601
1836,5490,06,037,533602
1837,6863,06,037,533603
1838,3082,06,037,533701
1839,3734,06,037,533702
1840,5244,06,037,533703
1841,5899,06,037,533803
1842,3993,06,037,533804
1843,4011,06,037,533805
1844,3604,06,037,533806
1845,5476,06,037,533901
1846,4500,06,037,533902
1847,5387,06,037,534001
1848,4350,06,037,534002
1849,2399,06,037,534101
1850,6227,06,037,534102
1851,4641,06,037,534201
1852,5350,06,037,534202
1853,3440,06,037,534203
1854,4185,06,037,534301
1855,3875,06,037,534302
1856,3147,06,037,534403
1857,3459,06,037,534404
1858,4280,06,037,534405
1859,4660,06,037,534406
1860,5768,06,037,534501
1861,3972,06,037,534502
1862,4393,06,037,534700
1863,2464,06,037,534802
1864,4605,06,037,534803
1865,4477,06,037,534804
1866,6202,06,037,534900
1867,3992,06,037,535001
1868,3919,06,037,535002
1869,8098,06,037,535101
1870,4541,06,037,535102
1871,6240,06,037,535200
1872,6670,06,037,535300
1873,3295,06,037,535400
1874,3549,06,037,535501
1875,5606,06,037,535502
1876,2481,06,037,535503
1877,3901,06,037,535603
1878,2573,06,037,910810
1879,3870,06,037,910814
1880,5177,06,037,910815
1881,3718,06,037,911001
1882,8380,06,037,911100
1883,6854,06,037,920013
1884,6503,06,037,920015
1885,4039,06,037,920016
1886,4211,06,037,920017
1887,1984,06,037,920018
1888,5968,06,037,920020
1889,8400,06,037,920028
1890,5065,06,037,920029
1891,4816,06,037,920030
1892,4741,06,037,920031
1893,3363,06,037,920034
1894,7120,06,037,920035
1895,1658,06,037,920038
1896,1623,06,037,920039
1897,4000,06,037,920040
1898,1425,06,037,920041
1899,6604,06,037,920042
1900,7533,06,037,920043
1901,2370,06,037,920044
1902,4404,06,037,920045
1903,3836,06,037,920046
1904,6755,06,037,920047
1905,5305,06,037,920048
1906,5228,06,037,920049
1907,1248,06,037,920050
1908,4687,06,037,920102
1909,2939,06,037,920104
1910,3828,06,037,920106
1911,4883,06,037,920109
1912,2989,06,037,920110
1913,2935,06,037,920111
1914,4076,06,037,920112
1915,6463,06,037,920114
1916,4193,06,037,920115
1917,4999,06,037,920116
1918,6172,06,037,920118
1919,1844,06,037,920119
1920,4062,06,037,920120
1921,3001,06,037,141202
1922,3436,06,037,141303
1923,3185,06,037,141304
1924,2606,06,037,141305
1925,3240,06,037,141306
1926,5366,06,037,141400
1927,3015,06,037,141500
1928,4198,06,037,141600
1929,3342,06,037,141700
1930,2074,06,037,143101
1931,2139,06,037,143102
1932,4351,06,037,143200
1933,3586,06,037,143301
1934,3104,06,037,143302
1935,5602,06,037,143401
1936,1973,06,037,143402
1937,5633,06,037,143500
1938,4897,06,037,143602
1939,2442,06,037,143603
1940,1803,06,037,143605
1941,1701,06,037,143606
1942,3767,06,037,143700
1943,3342,06,037,143801
1944,2501,06,037,143802
1945,4363,06,037,143901
1946,2860,06,037,143902
1947,6357,06,037,181000
1948,3959,06,037,181300
1949,4797,06,037,181400
1950,3934,06,037,181500
1951,4697,06,037,181600
1952,2749,06,037,183101
1953,4800,06,037,183103
1954,1985,06,037,183104
1955,3597,06,037,183220
1956,3779,06,037,183221
1957,3569,06,037,183222
1958,3528,06,037,183300
1959,2439,06,037,183401
1960,3020,06,037,183402
1961,2535,06,037,183510
1962,3676,06,037,183520
1963,2919,06,037,183610
1964,5084,06,037,293302
1965,5149,06,037,293304
1966,2485,06,037,293306
1967,2491,06,037,293307
1968,3701,06,037,294110
1969,2969,06,037,294120
1970,4831,06,037,294200
1971,2709,06,037,294301
1972,4317,06,037,294302
1973,4996,06,037,294410
1974,2866,06,037,294421
1975,4843,06,037,294510
1976,3846,06,037,294520
1977,4263,06,037,294610
1978,4546,06,037,294620
1979,3080,06,037,294701
1980,3923,06,037,294810
1981,3482,06,037,294820
1982,4399,06,037,294830
1983,3831,06,037,294900
1984,5319,06,037,295103
1985,3652,06,037,296210
1986,3968,06,037,296220
1987,4784,06,037,296300
1988,3228,06,037,296401
1989,3142,06,037,296402
1990,3284,06,037,296500
1991,5214,06,037,296600
1992,4440,06,037,296901
1993,4174,06,037,296902
1994,1404,06,037,297001
1995,4287,06,037,297002
1996,4693,06,037,297110
1997,3062,06,037,297120
1998,4421,06,037,297201
1999,4049,06,037,297202
2000,2113,06,037,297300
2001,3183,06,037,297400
2002,2845,06,037,297501
2003,2006,06,037,297502
2004,3017,06,037,297601
2005,3515,06,037,297602
2006,6279,06,037,300100
2007,4987,06,037,535605
2008,2143,06,037,535606
2009,4252,06,037,535607
2010,5363,06,037,535701
2011,5854,06,037,535702
2012,6406,06,037,535802
2013,3799,06,037,535803
2014,6051,06,037,535804
2015,6185,06,037,535901
2016,6265,06,037,535902
2017,3655,06,037,536000
2018,3279,06,037,536102
2019,5278,06,037,536103
2020,3841,06,037,536104
2021,3021,06,037,536201
2022,4462,06,037,536202
2023,7304,06,037,540000
2024,6555,06,037,540101
2025,6278,06,037,540102
2026,2413,06,037,540201
2027,6896,06,037,540202
2028,5931,06,037,540203
2029,4834,06,037,540300
2030,2043,06,037,540400
2031,6013,06,037,540501
2032,6942,06,037,540502
2033,5102,06,037,540600
2034,3169,06,037,540700
2035,5511,06,037,540800
2036,4931,06,037,540901
2037,4452,06,037,540902
2038,4379,06,037,541003
2039,3094,06,037,541100
2040,6416,06,037,541200
2041,5413,06,037,541300
2042,3590,06,037,541401
2043,3991,06,037,541402
2044,4527,06,037,535604
2045,5975,06,037,541500
2046,3221,06,037,541603
2047,5492,06,037,541604
2048,5069,06,037,541605
2049,2537,06,037,541606
2050,9385,06,037,920121
2051,5460,06,037,920200
2052,1573,06,037,920303
2053,6327,06,037,920312
2054,4954,06,037,920313
2055,3200,06,037,920314
2056,2646,06,037,920322
2057,6166,06,037,920326
2058,2011,06,037,920328
2059,6654,06,037,920329
2060,3436,06,037,920330
2061,3467,06,037,920331
2062,2324,06,037,920332
2063,5882,06,037,920334
2064,5723,06,037,920338
2065,7851,06,037,920339
2066,2920,06,037,920340
2067,3299,06,037,920341
2068,3040,06,037,920342
2069,3972,06,037,920343
2070,1387,06,037,930400
2071,0,06,037,980001
2072,0,06,037,980002
2073,0,06,037,980003
2074,0,06,037,980004
2075,0,06,037,980005
2076,0,06,037,980006
2077,0,06,037,980007
2078,65,06,037,980008
2079,5,06,037,980009
2080,119,06,037,980010
2081,75,06,037,980011
2082,30,06,037,980012
2083,0,06,037,980013
2084,45,06,037,980014
2085,993,06,037,980015
2086,248,06,037,980016
2087,1120,06,037,980017
2088,0,06,037,980018
2089,77,06,037,980019
2090,0,06,037,980020
2091,45,06,037,980021
2092,0,06,037,980022
2093,3382,06,037,183701
2094,2995,06,037,183702
2095,4130,06,037,183810
2096,3452,06,037,183820
2097,2869,06,037,185101
2098,3459,06,037,185102
2099,4162,06,037,185202
2100,2862,06,037,185203
2101,1923,06,037,185204
2102,3180,06,037,185310
2103,2957,06,037,185320
2104,4929,06,037,186100
2105,3608,06,037,186201
2106,1920,06,037,186202
2107,3113,06,037,186203
2108,2749,06,037,186301
2109,5282,06,037,186302
2110,3198,06,037,186401
2111,2809,06,037,186403
2112,2809,06,037,186404
2113,3213,06,037,187101
2114,4376,06,037,187102
2115,3324,06,037,187200
2116,3715,06,037,187300
2117,3960,06,037,188100
2118,3262,06,037,188201
2119,2887,06,037,188202
2120,3822,06,037,188300
2121,2600,06,037,189101
2122,3960,06,037,189102
2123,3088,06,037,189201
2124,2781,06,037,189202
2125,3212,06,037,189300
2126,3145,06,037,189400
2127,2179,06,037,189501
2128,2049,06,037,189502
2129,3825,06,037,189600
2130,3038,06,037,183620
2131,2436,06,037,189702
2132,1880,06,037,189703
2133,1471,06,037,189704
2134,1839,06,037,189801
2135,2158,06,037,189802
2136,5378,06,037,300200
2137,6194,06,037,300301
2138,6200,06,037,300400
2139,3039,06,037,300501
2140,5475,06,037,300503
2141,6334,06,037,300601
2142,3455,06,037,300602
2143,5280,06,037,300701
2144,6170,06,037,300702
2145,7165,06,037,300800
2146,5757,06,037,300901
2147,2257,06,037,300902
2148,5408,06,037,301000
2149,7313,06,037,301100
2150,4576,06,037,301203
2151,4750,06,037,301204
2152,2114,06,037,301205
2153,5330,06,037,301206
2154,1954,06,037,301300
2155,3988,06,037,301400
2156,1846,06,037,301501
2157,6798,06,037,301502
2158,5657,06,037,301601
2159,4472,06,037,301602
2160,2837,06,037,301701
2161,6075,06,037,301702
2162,5176,06,037,301801
2163,4948,06,037,301802
2164,4718,06,037,301901
2165,3308,06,037,301902
2166,3889,06,037,302002
2167,3730,06,037,302003
2168,4194,06,037,302004
2169,6413,06,037,302102
2170,5242,06,037,302103
2171,3679,06,037,302104
2172,3838,06,037,302201
2173,5586,06,037,302202
2174,3836,06,037,302301
2175,5361,06,037,302302
2176,7464,06,037,302401
2177,4066,06,037,302503
2178,3970,06,037,302504
2179,6586,06,037,541700
2180,5127,06,037,541801
2181,5713,06,037,541802
2182,4493,06,037,542000
2183,3174,06,037,542103
2184,4438,06,037,542104
2185,5032,06,037,542105
2186,2917,06,037,542106
2187,6999,06,037,542200
2188,4309,06,037,542401
2189,3790,06,037,542402
2190,4503,06,037,542501
2191,5481,06,037,542502
2192,3539,06,037,542601
2193,5504,06,037,542602
2194,5853,06,037,542700
2195,2969,06,037,542800
2196,3299,06,037,542900
2197,4487,06,037,543000
2198,7445,06,037,543100
2199,3444,06,037,543201
2200,4460,06,037,543203
2201,6506,06,037,543304
2202,3808,06,037,543305
2203,7016,06,037,543306
2204,5768,06,037,543321
2205,7283,06,037,543322
2206,3542,06,037,543400
2207,6890,06,037,543501
2208,4790,06,037,543502
2209,5889,06,037,543503
2210,4334,06,037,543601
2211,4170,06,037,543603
2212,4042,06,037,543605
2213,3806,06,037,543606
2214,5112,06,037,543607
2215,3104,06,037,543701
2216,3621,06,037,543703
2217,2836,06,037,543704
2218,3281,06,037,543705
2219,4573,06,037,543801
2220,3969,06,037,543803
2221,2887,06,037,543804
2222,0,06,037,980023
2223,199,06,037,980024
2224,518,06,037,980025
2225,15,06,037,980026
2226,0,06,037,980028
2227,0,06,037,980030
2228,1237,06,037,980031
2229,14,06,037,980033
2230,9,06,037,980034
2231,584,06,037,980035
2232,1039,06,037,980036
2233,0,06,037,980037
2234,0,06,037,980038
2235,0,06,037,980039
2236,0,06,037,990100
2237,0,06,037,990200
2238,0,06,037,990300
2239,2182,06,037,189903
2240,2382,06,037,189904
2241,2615,06,037,189905
2242,2634,06,037,189906
2243,2418,06,037,189907
2244,1653,06,037,190101
2245,2716,06,037,190102
2246,2895,06,037,190201
2247,3256,06,037,190202
2248,2985,06,037,190302
2249,2850,06,037,190303
2250,2996,06,037,190401
2251,2070,06,037,190402
2252,3815,06,037,190510
2253,4144,06,037,190520
2254,1693,06,037,190701
2255,1127,06,037,190702
2256,2663,06,037,190801
2257,3071,06,037,190802
2258,4361,06,037,190901
2259,3793,06,037,190902
2260,4817,06,037,191000
2261,3634,06,037,191110
2262,3732,06,037,191120
2263,5088,06,037,191201
2264,2287,06,037,191203
2265,1703,06,037,191204
2266,2320,06,037,191301
2267,1873,06,037,191302
2268,3841,06,037,191410
2269,3698,06,037,191420
2270,5928,06,037,191500
2271,4016,06,037,191610
2272,2600,06,037,191620
2273,2632,06,037,191710
2274,3266,06,037,191720
2275,3188,06,037,191810
2276,3615,06,037,191820
2277,3404,06,037,191901
2278,2777,06,037,191902
2279,2209,06,037,192001
2280,2684,06,037,192002
2281,2428,06,037,192300
2282,3456,06,037,302506
2283,5245,06,037,310100
2284,5908,06,037,310201
2285,4863,06,037,310202
2286,2947,06,037,310300
2287,3438,06,037,310400
2288,4037,06,037,310501
2289,6924,06,037,310601
2290,2764,06,037,310602
2291,2121,06,037,310701
2292,4517,06,037,310703
2293,4050,06,037,310704
2294,2293,06,037,310705
2295,5124,06,037,310800
2296,6144,06,037,310900
2297,3516,06,037,311000
2298,4191,06,037,311100
2299,3155,06,037,311200
2300,3857,06,037,311300
2301,2245,06,037,311400
2302,6013,06,037,311500
2303,2608,06,037,311601
2304,4323,06,037,311602
2305,5966,06,037,311700
2306,2896,06,037,311801
2307,4266,06,037,311802
2308,3578,06,037,320101
2309,3893,06,037,320102
2310,4111,06,037,320201
2311,6248,06,037,320202
2312,6414,06,037,320300
2313,2536,06,037,400205
2314,5615,06,037,400206
2315,4625,06,037,400207
2316,1296,06,037,400208
2317,4398,06,037,400209
2318,7989,06,037,400304
2319,4553,06,037,302505
2320,4119,06,037,400402
2321,4135,06,037,400403
2322,4201,06,037,400404
2323,2049,06,037,400501
2324,4449,06,037,400602
2325,3536,06,037,543903
2326,4408,06,037,543905
2327,4399,06,037,544001
2328,3717,06,037,544002
2329,4163,06,037,550101
2330,2973,06,037,550201
2331,5611,06,037,550202
2332,5030,06,037,550301
2333,3674,06,037,550501
2334,4165,06,037,550502
2335,6385,06,037,550601
2336,3951,06,037,550602
2337,6311,06,037,550700
2338,4939,06,037,550801
2339,2239,06,037,550802
2340,4405,06,037,550901
2341,5350,06,037,550902
2342,2966,06,037,551001
2343,4235,06,037,551002
2344,3738,06,037,551101
2345,5546,06,037,551102
2346,3529,06,037,551201
2347,3747,06,037,551203
2348,3390,06,037,551204
2349,5708,06,037,551300
2350,4141,06,037,551401
2351,4973,06,037,551402
2352,4742,06,037,551501
2353,4885,06,037,551502
2354,6066,06,037,551700
2355,3122,06,037,551801
2356,4081,06,037,551802
2357,5290,06,037,551900
2358,4143,06,037,552001
2359,3379,06,037,552002
2360,6570,06,037,552100
2361,5804,06,037,552200
2362,4376,06,037,552301
2363,4304,06,037,552302
2364,2339,06,037,552400
2365,5560,06,037,552601
2366,3974,06,037,552602
2367,6712,06,037,552700
2368,4008,06,037,192410
2369,3949,06,037,192420
2370,3981,06,037,192510
2371,5445,06,037,192520
2372,3756,06,037,192610
2373,3658,06,037,192620
2374,3689,06,037,192700
2375,3463,06,037,194101
2376,2782,06,037,194102
2377,3504,06,037,194200
2378,3022,06,037,194300
2379,2571,06,037,194401
2380,3362,06,037,194402
2381,2070,06,037,194500
2382,5193,06,037,195100
2383,3013,06,037,195201
2384,3252,06,037,195202
2385,2798,06,037,195300
2386,4359,06,037,195400
2387,5528,06,037,195500
2388,2775,06,037,195600
2389,4588,06,037,195710
2390,1809,06,037,195720
2391,2939,06,037,195802
2392,2439,06,037,195803
2393,2533,06,037,195804
2394,2392,06,037,195901
2395,2016,06,037,195902
2396,1868,06,037,195903
2397,3708,06,037,197200
2398,4021,06,037,197300
2399,3887,06,037,197410
2400,3587,06,037,197420
2401,3884,06,037,197500
2402,2201,06,037,197600
2403,5341,06,037,197700
2404,2676,06,037,199001
2405,2752,06,037,199002
2406,3072,06,037,199110
2407,4127,06,037,199120
2408,3727,06,037,199201
2409,2910,06,037,199202
2410,4368,06,037,199300
2411,4857,06,037,199400
2412,4974,06,037,400603
2413,7571,06,037,400605
2414,6825,06,037,400801
2415,2819,06,037,401001
2416,4052,06,037,401002
2417,5374,06,037,401101
2418,4037,06,037,401102
2419,3630,06,037,401201
2420,4384,06,037,401202
2421,5014,06,037,401203
2422,2156,06,037,401303
2423,5305,06,037,401304
2424,6626,06,037,401311
2425,4981,06,037,401312
2426,6038,06,037,401500
2427,5547,06,037,401601
2428,6143,06,037,401602
2429,2867,06,037,401705
2430,4167,06,037,401706
2431,8333,06,037,401707
2432,4294,06,037,401801
2433,3497,06,037,401802
2434,3661,06,037,401901
2435,6511,06,037,401902
2436,3526,06,037,402001
2437,3997,06,037,402002
2438,5206,06,037,402101
2439,4952,06,037,402102
2440,6931,06,037,402200
2441,5270,06,037,402301
2442,3687,06,037,402303
2443,4444,06,037,402304
2444,5749,06,037,402403
2445,2056,06,037,402404
2446,2280,06,037,402405
2447,4924,06,037,402406
2448,5048,06,037,402501
2449,4167,06,037,402503
2450,2739,06,037,402504
2451,3184,06,037,402601
2452,4852,06,037,402602
2453,5251,06,037,402702
2454,5533,06,037,402703
2455,5771,06,037,552800
2456,7286,06,037,552900
2457,4988,06,037,553000
2458,6737,06,037,553100
2459,3969,06,037,553201
2460,3526,06,037,553202
2461,3211,06,037,553300
2462,3497,06,037,553400
2463,3920,06,037,553502
2464,3330,06,037,553503
2465,4998,06,037,553504
2466,4542,06,037,553601
2467,4568,06,037,553602
2468,4056,06,037,553701
2469,4600,06,037,553702
2470,4575,06,037,553801
2471,7229,06,037,553802
2472,6502,06,037,553901
2473,5629,06,037,553902
2474,4143,06,037,554001
2475,5301,06,037,554002
2476,3181,06,037,554101
2477,4594,06,037,554105
2478,3810,06,037,554106
2479,3890,06,037,554201
2480,3877,06,037,554203
2481,4705,06,037,554204
2482,3412,06,037,554301
2483,4384,06,037,554302
2484,5564,06,037,554403
2485,4286,06,037,554404
2486,3543,06,037,554405
2487,4206,06,037,554406
2488,4096,06,037,554511
2489,6336,06,037,554512
2490,2630,06,037,554513
2491,4784,06,037,554514
2492,3341,06,037,554515
2493,3872,06,037,554516
2494,4353,06,037,554517
2495,5129,06,037,554518
2496,3671,06,037,554519
2497,6072,06,037,554521
